Header1,Header2,Header3,Header4,Header5,Header6,Header7,Header8,Header9,Header10
Data11,Data21,Data31,Data11,Data11,Data11,Data11,Data11,Data11,Data11
Data21,Data31,Data41,Data21,Data21,Data21,Data21,Data21,Data21,Data21
Data31,Data41,Data51,Data31,Data31,Data31,Data31,Data31,Data31,Data31
Data41,Data51,Data61,Data41,Data41,Data41,Data41,Data41,Data41,Data41
Data51,Data61,Data71,Data51,Data51,Data51,Data51,Data51,Data51,Data51
Data61,Data71,Data81,Data61,Data61,Data61,Data61,Data61,Data61,Data61
Data71,Data81,Data91,Data71,Data71,Data71,Data71,Data71,Data71,Data71
Data81,Data91,Data11,Data81,Data81,Data81,Data81,Data81,Data81,Data81
Data91,Data11,Data21,Data91,Data91,Data91,Data91,Data91,Data91,Data91
